Benchmark,AUC
colbench_frontend_design,55.848782262929575
gaia,133.15441089848483
scicode,13.989766737051273
scienceagentbench,13.419632100980392
swebench_verified_mini,64.44783538
taubench_airline,77.85722934000002
usaco,98.00819791530945
colbench_backend_programming,12.8313523215
