Benchmark,AUC
colbench_backend_programming,12.8313523215
colbench_frontend_design,55.848782262929575
gaia,75.3882966310606
scicode,8.458291267393147
scienceagentbench,13.419632100980392
swebench_verified_mini,75.6258006795
taubench_airline,75.85094366
usaco,39.19759455528412
