,agent_name_short,mean_cost
0,Col-bench Text,13.450540638095237
1,HAL Generalist Agent,64.59547714821429
2,HF Open Deep Research,133.34609574444443
3,SAB Example Agent,12.557998431818184
4,SWE-Agent,252.19614076000002
5,Scicode Tool Calling Agent,130.2596194875
6,Scicode Zero Shot Agent,6.104658381250001
7,TAU-bench FewShot,47.799990799999996
8,USACO Episodic + Semantic,73.27579212500001
