,agent_name_short,mean_cost
0,Assistantbench Browser Agent,22.644328050000002
1,CORE-Agent,109.08499223076925
2,Col-bench Text,13.450540638095237
3,HAL Generalist Agent,53.86159348214286
4,HF Open Deep Research,133.34609574444443
5,SAB Example Agent,12.557998431818184
6,SWE-Agent,252.19614076000002
7,Scicode Tool Calling Agent,130.2596194875
8,Scicode Zero Shot Agent,6.104658381250001
9,TAU-bench FewShot,30.515074963636366
10,USACO Episodic + Semantic,65.13867292
