,model_name_short,mean_cost
0,claude-3-7-sonnet,112.41409101041667
1,deepseek-ai/DeepSeek-R1,45.40233892857143
2,deepseek-ai/DeepSeek-V3,25.23030166666667
3,gemini-2.0-flash,7.478456271428572
4,gemini-2.5-pro-preview,11.198726250000002
5,gpt-4.1,63.30954495238095
6,gpt-4o,148.31124375000002
7,o1,447.78432
8,o3,239.38763500000005
9,o3-mini,109.94133846933337
10,o4-mini,66.75736014761904
