,model_name_short,mean_latency
0,claude-3-7-sonnet,180.3516723596068
1,deepseek-ai/DeepSeek-R1,188.5295283525699
2,deepseek-ai/DeepSeek-V3,218.88836976075083
3,gemini-2.0-flash,83.08272034959178
4,gemini-2.5-pro-preview,89.39475854901961
5,gpt-4.1,128.54850049308325
6,gpt-4o,145.69710356000002
7,o1,
8,o3,175.47708969490193
9,o3-mini,186.2350332403476
10,o4-mini,295.82356870802903
